StoreId,ProductId,SnapshotDateTime,OnHandQuantity,SafetyStockQuantity,ReorderPointQuantity,InboundQuantity,ShelfAvailableUnits,ShelfCapacityUnits,NextDeliveryDateTime,InventoryStatus
S-SEA-01,P-FRZ-001,2026-08-28T18:50:00Z,8,20,24,6,8,20,2026-08-29T02:00:00Z,1
S-SEA-01,P-FRZ-002,2026-08-28T18:50:00Z,22,9,13,0,16,16,2026-08-31T02:00:00Z,0
S-SEA-01,P-FRZ-003,2026-08-28T18:50:00Z,46,12,16,6,18,18,2026-08-30T15:00:00Z,0
S-SEA-01,P-PER-001,2026-08-28T18:50:00Z,47,14,18,10,23,23,2026-08-30T01:00:00Z,0
S-SEA-01,P-PER-002,2026-08-28T18:50:00Z,36,8,12,6,18,18,2026-08-29T19:00:00Z,0
S-SEA-01,P-GEN-001,2026-08-28T18:50:00Z,25,12,16,6,23,23,2026-08-31T07:00:00Z,0
S-SEA-01,P-GEN-002,2026-08-28T18:50:00Z,51,9,13,0,20,20,2026-08-31T17:00:00Z,0
S-SEA-01,P-GEN-003,2026-08-28T18:50:00Z,51,14,18,12,23,23,2026-08-29T20:00:00Z,0
S-PDX-01,P-FRZ-001,2026-08-28T18:50:00Z,6,18,22,4,6,18,2026-08-29T00:00:00Z,1
S-PDX-01,P-FRZ-002,2026-08-28T18:50:00Z,28,10,14,0,15,15,2026-08-31T00:00:00Z,0
S-PDX-01,P-FRZ-003,2026-08-28T18:50:00Z,42,14,18,0,16,16,2026-08-29T20:00:00Z,0
S-PDX-01,P-PER-001,2026-08-28T18:50:00Z,30,13,17,10,21,21,2026-08-29T11:00:00Z,0
S-PDX-01,P-PER-002,2026-08-28T18:50:00Z,28,9,13,0,19,19,2026-08-31T05:00:00Z,0
S-PDX-01,P-GEN-001,2026-08-28T18:50:00Z,44,8,12,6,23,23,2026-08-30T13:00:00Z,0
S-PDX-01,P-GEN-002,2026-08-28T18:50:00Z,28,14,18,10,19,19,2026-08-29T19:00:00Z,0
S-PDX-01,P-GEN-003,2026-08-28T18:50:00Z,55,11,15,6,21,21,2026-08-29T20:00:00Z,0
S-SFO-01,P-FRZ-001,2026-08-28T18:50:00Z,32,15,18,0,20,20,2026-08-29T05:00:00Z,0
S-SFO-01,P-FRZ-002,2026-08-28T18:50:00Z,59,13,17,6,24,24,2026-08-29T14:00:00Z,0
S-SFO-01,P-FRZ-003,2026-08-28T18:50:00Z,38,11,15,12,21,21,2026-08-31T02:00:00Z,0
S-SFO-01,P-PER-001,2026-08-28T18:50:00Z,49,10,14,12,21,21,2026-08-30T12:00:00Z,0
S-SFO-01,P-PER-002,2026-08-28T18:50:00Z,42,14,18,12,17,17,2026-08-30T13:00:00Z,0
S-SFO-01,P-GEN-001,2026-08-28T18:50:00Z,33,8,12,12,16,16,2026-08-31T17:00:00Z,0
S-SFO-01,P-GEN-002,2026-08-28T18:50:00Z,41,8,12,10,23,23,2026-08-30T01:00:00Z,0
S-SFO-01,P-GEN-003,2026-08-28T18:50:00Z,31,9,13,0,19,19,2026-08-29T12:00:00Z,0
S-DEN-01,P-FRZ-001,2026-08-28T18:50:00Z,7,18,21,5,7,18,2026-08-29T01:00:00Z,1
S-DEN-01,P-FRZ-002,2026-08-28T18:50:00Z,19,10,14,6,19,19,2026-08-30T14:00:00Z,0
S-DEN-01,P-FRZ-003,2026-08-28T18:50:00Z,17,8,12,0,16,16,2026-08-29T17:00:00Z,0
S-DEN-01,P-PER-001,2026-08-28T18:50:00Z,49,14,18,6,24,24,2026-08-30T07:00:00Z,0
S-DEN-01,P-PER-002,2026-08-28T18:50:00Z,44,13,17,0,15,15,2026-08-30T12:00:00Z,0
S-DEN-01,P-GEN-001,2026-08-28T18:50:00Z,22,12,16,12,22,22,2026-08-30T16:00:00Z,0
S-DEN-01,P-GEN-002,2026-08-28T18:50:00Z,41,13,17,10,20,20,2026-08-30T12:00:00Z,0
S-DEN-01,P-GEN-003,2026-08-28T18:50:00Z,45,10,14,0,15,15,2026-08-30T13:00:00Z,0
S-BOS-01,P-FRZ-001,2026-08-28T18:50:00Z,44,11,15,0,15,15,2026-08-29T22:00:00Z,0
S-BOS-01,P-FRZ-002,2026-08-28T18:50:00Z,49,8,12,6,20,20,2026-08-31T03:00:00Z,0
S-BOS-01,P-FRZ-003,2026-08-28T18:50:00Z,51,14,18,0,16,16,2026-08-31T03:00:00Z,0
S-BOS-01,P-PER-001,2026-08-28T18:50:00Z,21,10,14,0,19,19,2026-08-31T12:00:00Z,0
S-BOS-01,P-PER-002,2026-08-28T18:50:00Z,25,8,12,10,23,23,2026-08-29T09:00:00Z,0
S-BOS-01,P-GEN-001,2026-08-28T18:50:00Z,43,10,14,10,16,16,2026-08-31T12:00:00Z,0
S-BOS-01,P-GEN-002,2026-08-28T18:50:00Z,22,12,16,6,17,17,2026-08-31T08:00:00Z,0
S-BOS-01,P-GEN-003,2026-08-28T18:50:00Z,33,10,14,12,19,19,2026-08-31T00:00:00Z,0
S-NYC-01,P-FRZ-001,2026-08-28T18:50:00Z,40,14,18,10,19,19,2026-08-30T19:00:00Z,0
S-NYC-01,P-FRZ-002,2026-08-28T18:50:00Z,35,9,13,0,15,15,2026-08-30T17:00:00Z,0
S-NYC-01,P-FRZ-003,2026-08-28T18:50:00Z,54,10,14,6,24,24,2026-08-29T14:00:00Z,0
S-NYC-01,P-PER-001,2026-08-28T18:50:00Z,39,9,13,0,18,18,2026-08-29T07:00:00Z,0
S-NYC-01,P-PER-002,2026-08-28T18:50:00Z,26,12,16,12,20,20,2026-08-31T19:00:00Z,0
S-NYC-01,P-GEN-001,2026-08-28T18:50:00Z,46,9,13,12,22,22,2026-08-31T14:00:00Z,0
S-NYC-01,P-GEN-002,2026-08-28T18:50:00Z,49,11,15,12,20,20,2026-08-31T11:00:00Z,0
S-NYC-01,P-GEN-003,2026-08-28T18:50:00Z,45,12,16,0,23,23,2026-08-31T12:00:00Z,0
