{"commitInfo":{"timestamp":1760035633339,"operation":"WRITE","operationParameters":{"mode":"Overwrite","partitionBy":"[]"},"isolationLevel":"Serializable","isBlindAppend":false,"operationMetrics":{"numFiles":"1","numOutputRows":"37","numOutputBytes":"2689"},"tags":{"VORDER":"true"},"engineInfo":"Apache-Spark/3.5.1.5.4.20251001.1 Delta-Lake/3.2.0.20250912.3","txnId":"bae27432-4a07-48a1-9482-1c5baf78d246"}}
{"metaData":{"id":"d103edcc-9c75-494b-966d-6c02cb528490","format":{"provider":"parquet","options":{}},"schemaString":"{\"type\":\"struct\",\"fields\":[{\"name\":\"SubCategoryID_K\",\"type\":\"integer\",\"nullable\":true,\"metadata\":{}},{\"name\":\"CategoryID_FK\",\"type\":\"integer\",\"nullable\":true,\"metadata\":{}},{\"name\":\"SubCategoryName\",\"type\":\"string\",\"nullable\":true,\"metadata\":{}}]}","partitionColumns":[],"configuration":{"delta.parquet.vorder.enabled":"true"},"createdTime":1760035632786}}
{"protocol":{"minReaderVersion":1,"minWriterVersion":2}}
{"add":{"path":"part-00000-5ac03bd0-bfc3-496b-9470-14a20d05a415-c000.snappy.parquet","partitionValues":{},"size":2689,"modificationTime":1760035633095,"dataChange":true,"stats":"{\"numRecords\":37,\"minValues\":{\"CategoryID_FK\":1,\"SubCategoryID_K\":1,\"SubCategoryName\":\"Bib-Shorts\"},\"maxValues\":{\"CategoryID_FK\":4,\"SubCategoryID_K\":37,\"SubCategoryName\":\"Wheels\"},\"nullCount\":{\"CategoryID_FK\":0,\"SubCategoryID_K\":0,\"SubCategoryName\":0}}","tags":{"VORDER":"true"}}}
